Title,Permalink
"D Bal Max Erfahrungen [Year] – Wirkung, Nebenwirkungen & Wo Sie Es Kaufen Können",https://nchc.org/de/reproductive-health/d-bal-max/
"Private: D Bal Max Erfahrungen [Year] – Wirkung, Nebenwirkungen & Wo Sie Es Kaufen Können",https://nchc.org/de/new/private-d-bal-max-erfahrungen-year-wirkung-nebenwirkungen-wo-sie-es-kaufen-koennen/
"CBD Öl Testsieger Schweiz - Die Besten Schweizer CBD Öl Marken [Year]",https://nchc.org/de/new/cbd-ol-testsieger-schweiz/
"NooCube Erfahrungen [Year] – Ist Es Wirklich Das Beste Nootropikum?",https://nchc.org/de/gesundheit/noocube-erfahrungen/
"PhenQ Erfahrungen – Test, Bewertung & Kaufberatung [Year]",https://nchc.org/de/schlankmacher/phenq-erfahrungen/
"How Americans Perceive the Health Care System",https://nchc.org/1997policystudies/howamericansperceivethehealthcaresystem/
"1998 Policy Studies",https://nchc.org/1998policystudies/1998policystudies/
"A REALITY CHECK:<br>THE PUBLIC'S CHANGING VIEWS OF OUR HEALTH CARE SYSTEM<br>BY<br>JOEL E. MILLER, DIRECTOR, POLICY<br>NATIONAL COALITION ON HEALTH CARE",https://nchc.org/1998policystudies/arealitycheck/
"<strong>As Good As It Should Get:<br>Making Health Care Better In The New Millennium</strong>",https://nchc.org/1998policystudies/asgoodasitshouldget/
"Changes In The Growth In Health Care Spending:<br>Implicatons For Consumers",https://nchc.org/1998policystudies/changeshealthcarespending/
"Comprehensive Medicare Reform: Defined Benefit vs. Defined Contribution",https://nchc.org/1998policystudies/comprehensivemedicarereform/
"Why The Quality of U.S. Health Care Must Be Improved",https://nchc.org/1998policystudies/quality/
"Key Findings on Health Care Spending",https://nchc.org/1998policystudies/keyfindings/
"Rethinking the Medicare Eligibility Age Medicare Series Report #1",https://nchc.org/1998policystudies/rethinkingthemedicareeligibilityage/
"The Role of Medical Savings Accounts in Health System Reform",https://nchc.org/1998policystudies/medicare2-0698/
"The Rising Number of Uninsured Workers: An Approaching Crisis In Health Care Financing",https://nchc.org/1998policystudies/uninsured/
"1999 Policy Studies",https://nchc.org/1999policystudies/1999policystudies/
"Down A Dangerous Path: The Erosion of Health Insurance Coverage in the United States",https://nchc.org/1999policystudies/downadangerouspath/
"Health Insurance and Taxes: The Impact of Proposed Changes in Current Federal Policy",https://nchc.org/1999policystudies/healthandtaxes/
"Quality Health Care: New Challenges as Medicare Evolves",https://nchc.org/1999policystudies/qualityhealthcare_medicare/
"Small Employer Health Insurance Purchasing Arrangements: Can They Expand Coverage?",https://nchc.org/1999policystudies/smallemployerhipurchasingarrangements/
"Allies in Action",https://nchc.org/allies/allies-list-page-5/
"California | National Coalition on Health Care",https://nchc.org/states/california-2/
"Allies in Action",https://nchc.org/allies/allies-in-action-2/
"Allies in Action",https://nchc.org/allies/allies-in-action-3/
"Allies in Action",https://nchc.org/allies/allies-in-action-4/
"Allies in Action",https://nchc.org/allies/allies-in-action-5/
"Allies in Action",https://nchc.org/allies/allies-in-action-6/
"Wyoming | National Coalition on Health Care",https://nchc.org/state-reform/wyoming/
"Wisconsin | National Coalition on Health Care",https://nchc.org/state-reform/wisconsin/
"West Virginia | National Coalition on Health Care",https://nchc.org/state-reform/west-virginia/
"Washington | National Coalition on Health Care",https://nchc.org/state-reform/washington/
"Virginia | National Coalition on Health Care",https://nchc.org/state-reform/virginia/
"Vermont | National Coalition on Health Care",https://nchc.org/state-reform/vermont/
"Utah | National Coalition on Health Care",https://nchc.org/state-reform/utah/
"Building an Affordable and Sustainable Health Care System",https://nchc.org/blog/building-affordable-and-sustainable-health-care-system/
"Texas | National Coalition on Health Care",https://nchc.org/state-reform/texas/
"David Walker at Institute of Medicine - Rosenthal Speech",https://nchc.org/blog/david-walker-institute-medicine-rosenthal-speech/
"Tennessee | National Coalition on Health Care",https://nchc.org/state-reform/tennessee/
"South Dakota | National Coalition on Health Care",https://nchc.org/state-reform/south-dakota/
"Failsafe Drafting Options with Additional Examples",https://nchc.org/blog/failsafe-drafting-options-additional-examples/
"A Failsafe Mechanism for National Healthcare Expenditures",https://nchc.org/blog/failsafe-mechanism-national-healthcare-expenditures/
"Rhode Island | National Coalition on Health Care",https://nchc.org/state-reform/rhode-island/
"How to Ensure America Takes Its Medicine",https://nchc.org/blog/how-ensure-america-takes-its-medicine/
"An Insurance Policy for Health Care Reform",https://nchc.org/blog/insurance-policy-health-care-reform/
"South Carolina | National Coalition on Health Care",https://nchc.org/state-reform/south-carolina/
"Justifying System-Wide Cost Containment",https://nchc.org/blog/justifying-system-wide-cost-containment/
"National Journal Blog - CBO's Latest Score: An $81B Deficit Reduction",https://nchc.org/blog/national-journal-blog-cbos-latest-score-81b-deficit-reduction/
"Pennsylvania | National Coalition on Health Care",https://nchc.org/state-reform/pennsylvania/
"Organizations Working on Health Reform in California | National Coalition on Health Care",https://nchc.org/state-reform/organizational-resources-california/
"National Journal Blog - Health Insurers' 11th-Hour Outburst",https://nchc.org/blog/national-journal-blog-health-insurers-11th-hour-outburst/
"Oregon | National Coalition on Health Care",https://nchc.org/state-reform/oregon/
"Oklahoma | National Coalition on Health Care",https://nchc.org/state-reform/oklahoma/
"Containing Costs and Avoiding Tax Increases While Improving<br>Quality: Affordable Coverage and High Value Care",https://nchc.org/blog/nchc-white-paper/
"Ohio | National Coalition on Health Care",https://nchc.org/state-reform/ohio/
"North Dakota | National Coalition on Health Care",https://nchc.org/state-reform/north-dakota/
"North Carolina | National Coalition on Health Care",https://nchc.org/state-reform/north-carolina/
"New York | National Coalition on Health Care",https://nchc.org/state-reform/new-york/
"New Mexico | National Coalition on Health Care",https://nchc.org/state-reform/new-mexico/
"New Jersey | National Coalition on Health Care",https://nchc.org/state-reform/new-jersey/
"New Hampshire | National Coalition on Health Care",https://nchc.org/state-reform/new-hampshire-new-hampshire-new-hampshire-new-hampshire-new-hampshire/
"Nevada | National Coalition on Health Care",https://nchc.org/state-reform/nevada/
"Nebraska | National Coalition on Health Care",https://nchc.org/state-reform/nebraska/
"Montana | National Coalition on Health Care",https://nchc.org/state-reform/montana/
"Missouri | National Coalition on Health Care",https://nchc.org/state-reform/missouri/
"Mississippi | National Coalition on Health Care",https://nchc.org/state-reform/mississippi/
"Minnesota | National Coalition on Health Care",https://nchc.org/state-reform/minnesota/
"Michigan | National Coalition on Health Care",https://nchc.org/state-reform/michigan/
"Massachusetts | National Coalition on Health Care",https://nchc.org/state-reform/massachusetts/
"Maryland | National Coalition on Health Care",https://nchc.org/state-reform/maryland/
"Maine | National Coalition on Health Care",https://nchc.org/state-reform/maine/
"Louisiana | National Coalition on Health Care",https://nchc.org/state-reform/louisiana/
"Kentucky | National Coalition on Health Care",https://nchc.org/state-reform/kentucky/
"Kansas | National Coalition on Health Care",https://nchc.org/state-reform/kansas/
"Iowa | National Coalition on Health Care",https://nchc.org/state-reform/iowa/
"Indiana | National Coalition on Health Care",https://nchc.org/state-reform/indiana/
"Illinois | National Coalition on Health Care",https://nchc.org/state-reform/illinois/
"Idaho | National Coalition on Health Care",https://nchc.org/state-reform/idaho/
"Health Reform Implementation Tools | National Coalition on Health Care",https://nchc.org/state-reform/health-reform-implementation-tools/
"Health Reform 101 | National Coalition on Health Care",https://nchc.org/state-reform/health-reform-101/
"Hawaii | National Coalition on Health Care",https://nchc.org/state-reform/hawaii/
"Georgia | National Coalition on Health Care",https://nchc.org/state-reform/georgia/
"Delaware | National Coalition on Health Care",https://nchc.org/state-reform/delaware/
"Florida | National Coalition on Health Care",https://nchc.org/state-reform/florida/
"Connecticut | National Coalition on Health Care",https://nchc.org/state-reform/connecticut/
"Colorado | National Coalition on Health Care",https://nchc.org/state-reform/colorado/
"The California State Profile | National Coalition on Health Care",https://nchc.org/state-reform/california-state-profile/
"California | National Coalition on Health Care",https://nchc.org/state-reform/california-national-coalition-on-health-care-2/
"Arkansas | National Coalition on Health Care",https://nchc.org/state-reform/arkansas/
"Arizona | National Coalition on Health Care",https://nchc.org/state-reform/arizona/
"Alaska | National Coalition on Health Care",https://nchc.org/state-reform/alaska/
"Alabama | National Coalition on Health Care",https://nchc.org/state-reform/alabama/
"Acknowledgement and Introduction | National Coalition on Health Care",https://nchc.org/state-reform/acknowledgement-and-introduction/
"VALINDA RUTLEDGE",https://nchc.org/staff-members/valinda-rutledge/
"SUSAN TURNEY",https://nchc.org/staff-members/susan-turney/
"PETER BEGANS",https://nchc.org/staff-members/peter-begans/
"MICHAEL MACCOBY",https://nchc.org/staff-members/michael-maccoby/
"MELISSA SCHULMAN",https://nchc.org/staff-members/melissa-schulman/
"MARGARET E. O’KANE",https://nchc.org/staff-members/margaret-e-okane/
"KEVIN DONNELLAN",https://nchc.org/staff-members/kevin-donnellan/
"JACK LEWIN",https://nchc.org/staff-members/jack-lewin-2/
"THE HONORABLE DAVID DURENBERGER",https://nchc.org/staff-members/1065/
"DON CRANE",https://nchc.org/staff-members/don-crane/
"DONALD MOULDS",https://nchc.org/staff-members/donald-moulds/
"DAVID DOBBINS",https://nchc.org/staff-members/david-dobbins/
"DAMON A. SILVERS",https://nchc.org/staff-members/damon-a-silvers/
"CHRISTINE SIMMON",https://nchc.org/staff-members/christine-simmon/
"CHRIS DAWE",https://nchc.org/staff-members/chris-dawe/
"BLAIR CHILDS",https://nchc.org/staff-members/blair-childs/
"ADRIENNE MORRELL",https://nchc.org/staff-members/adrienne-morrell-2/
AARP,https://nchc.org/coalition-members/aarp/
"Adrian Dominican Sisters",https://nchc.org/coalition-members/adrian-dominican-sisters/
AFL-CIO,https://nchc.org/coalition-members/afl-cio/
"American Academy of Family Physicians",https://nchc.org/coalition-members/american-academy-family-physicians/
"American Academy of Pediatrics",https://nchc.org/coalition-members/american-academy-pediatrics/
"American Cancer Society",https://nchc.org/coalition-members/american-cancer-society/
"American College of Cardiology",https://nchc.org/coalition-members/american-college-cardiology/
"American College of Emergency Physicians",https://nchc.org/coalition-members/american-college-emergency-physicians/
"American College of Nurse-Midwives",https://nchc.org/coalition-members/american-college-nurse-midwives/
"American College of Surgeons",https://nchc.org/coalition-members/american-college-surgeons/
"American Dental Education Association",https://nchc.org/coalition-members/american-dental-education-association/
"American Federation of State, County, and Municipal Employees (AFSCME)",https://nchc.org/coalition-members/american-federation-state-county-and-municipal-employees-afscme/
"American Federation of Teachers",https://nchc.org/coalition-members/american-federation-teachers/
"American Federation of Television and Radio Artists",https://nchc.org/coalition-members/american-federation-television-and-radio-artists/
"American Heart Association",https://nchc.org/coalition-members/american-heart-association/
"American Legacy Foundation",https://nchc.org/coalition-members/american-legacy-foundation/
"American Library Association",https://nchc.org/coalition-members/american-library-association/
"American Lung Association",https://nchc.org/coalition-members/american-lung-association/
"Asian Pacific Islander American Health Forum",https://nchc.org/coalition-members/asian-pacific-islander-american-health-forum/
"Association of American Medical Colleges and Teaching Hospitals",https://nchc.org/coalition-members/association-american-medical-colleges-and-teaching-hospitals/
"Association of American Universities",https://nchc.org/coalition-members/association-american-universities/
"California Public Employees' Retirement Systems (CalPERS)",https://nchc.org/coalition-members/california-public-employees-retirement-systems-calpers/
"California State Teachers' Retirement System (CalSTRS)",https://nchc.org/coalition-members/california-state-teachers-retirement-system-calstrs/
C-Change,https://nchc.org/coalition-members/c-change/
"Childbirth Connection",https://nchc.org/coalition-members/childbirth-connection/
"Children's Defense Fund",https://nchc.org/coalition-members/childrens-defense-fund/
CodeBlueNow!,https://nchc.org/coalition-members/codebluenow/
"Colorado Public Employee Retirement Association",https://nchc.org/coalition-members/colorado-public-employee-retirement-association/
"Common Cause",https://nchc.org/coalition-members/common-cause/
"Communication Workers of America (Partnership for Health Care Reform)",https://nchc.org/coalition-members/communication-workers-america-partnership-health-care-reform/
"Consortium for Citizens with Disabilities",https://nchc.org/coalition-members/consortium-citizens-disabilities/
"Consumers Union",https://nchc.org/coalition-members/consumers-union/
"Duke Energy Corporation",https://nchc.org/coalition-members/duke-energy-corporation/
"Duke University Medical Center",https://nchc.org/coalition-members/duke-university-medical-center/
"Easter Seals",https://nchc.org/coalition-members/easter-seals/
"The Episcopal Church",https://nchc.org/coalition-members/episcopal-church/
"Evangelical Lutheran Church in America",https://nchc.org/coalition-members/evangelical-lutheran-church-america/
"Giant Food, Inc.",https://nchc.org/coalition-members/giant-food-inc/
"Gross Electric, Inc.",https://nchc.org/coalition-members/gross-electric-inc/
"Illinois Municipal Retirement Fund",https://nchc.org/coalition-members/illinois-municipal-retirement-fund/
"International Brotherhood of Electrical Workers (IBEW)",https://nchc.org/coalition-members/international-brotherhood-electrical-workers-ibew/
"International Brotherhood of Teamsters",https://nchc.org/coalition-members/international-brotherhood-teamsters/
"International Federation of Professional and Technical Engineers (IFPTE)",https://nchc.org/coalition-members/international-federation-professional-and-technical-engineers-ifpte/
"International Foundation for Employee Benefit Plans",https://nchc.org/coalition-members/international-foundation-employee-benefit-plans/
"Japanese American Citizens League",https://nchc.org/coalition-members/japanese-american-citizens-league/
"League of Women Voters",https://nchc.org/coalition-members/league-women-voters/
"Michigan Health &amp; Hospital Association",https://nchc.org/coalition-members/michigan-health-hospital-association/
"Midwest Business Group on Health",https://nchc.org/coalition-members/midwest-business-group-health/
"Motion Picture Association of America",https://nchc.org/coalition-members/motion-picture-association-america/
"National Association for the Advancement of Colored People (NAACP)",https://nchc.org/coalition-members/national-association-advancement-colored-people-naacp/
"National Association of Community Health Centers",https://nchc.org/coalition-members/national-association-community-health-centers/
"National Community Action Foundation",https://nchc.org/coalition-members/national-community-action-foundation/
"National Conference on Public Employee Retirement Systems",https://nchc.org/coalition-members/national-conference-public-employee-retirement-systems/
"National Consumers League",https://nchc.org/coalition-members/national-consumers-league/
"National Coordinating Committee for Multi-Employer Plans",https://nchc.org/coalition-members/national-coordinating-committee-multi-employer-plans/
"National Council of Churches of Christ in the U.S.A.",https://nchc.org/coalition-members/national-council-churches-christ-usa/
"National Council on Teacher Retirement",https://nchc.org/coalition-members/national-council-teacher-retirement/
"National Multiple Sclerosis Society",https://nchc.org/coalition-members/national-multiple-sclerosis-society/
"National Rural Health Association",https://nchc.org/coalition-members/national-rural-health-association/
"National Council of La Raza",https://nchc.org/coalition-members/nclr/
"New York State Teachers' Retirement Systems",https://nchc.org/coalition-members/new-york-state-teachers-retirement-systems/
"Presbyterian Church, U.S.A.",https://nchc.org/coalition-members/presbyterian-church-usa/
"Religious Action Center of Reform Judaism",https://nchc.org/coalition-members/religious-action-center-reform-judaism/
"The Salvation Army",https://nchc.org/coalition-members/salvation-army/
"Sheet Metal Workers' International Association",https://nchc.org/coalition-members/sheet-metal-workers-international-association/
"Small Business Majority",https://nchc.org/coalition-members/small-business-majority/
"Why The Quality of U.S. Health Care Must Be Improved",https://nchc.org/1998policystudies/why-the-quality-of-u-s-health-care-must-be-improved-2/
"Stop and Shop, Inc.",https://nchc.org/coalition-members/stop-and-shop-inc/
"Teva Pharmaceuticals, Ltd",https://nchc.org/coalition-members/teva-pharmaceuticals-ltd/
"Union for Reform Judaism",https://nchc.org/coalition-members/union-reform-judaism/
"United Food &amp; Commercial Workers",https://nchc.org/coalition-members/united-food-commercial-workers/
"United Methodist Church",https://nchc.org/coalition-members/coalition-members-united-methodist-church/
"U.S. PIRG",https://nchc.org/coalition-members/us-pirg/
"Verizon (Partnership for Health Care Reform)",https://nchc.org/coalition-members/verizon-partnership-health-care-reform/
"American Academy of Pediatrics Rallies Support for ACA and Universal Coverage",https://nchc.org/content/american-academy-pediatrics-rallies-support-aca-and-universal-coverage/
"Application for Paul G. Rogers Scholars Program",https://nchc.org/content/application-paul-g-rogers-scholars-program/
"Are Non-Profit Hospital Tax Exemptions Unfair to Taxpayers?",https://nchc.org/content/are-non-profit-hospital-tax-exemptions-unfair-taxpayers/
"Become a Member",https://nchc.org/content/become-member/
"Building a Better Health Care Market",https://nchc.org/content/building-better-health-care-market/
"Community Catalyst Supports State Health Advocates in Effective and Consumer-Focused Implementation of the ACA",https://nchc.org/content/community-catalyst-supports-state-health-advocates-effective-and-consumer-focused-implementa/
"Consumers Save on Health Insurance Premiums",https://nchc.org/content/consumers-save-health-insurance-premiums/
"The Cost-Containment Problem With Dual-Eligibles",https://nchc.org/content/cost-containment-problem-dual-eligibles/
"Debating the Impact of Health Plan Profits",https://nchc.org/content/debating-impact-health-plan-profits/
"Effective State Exchanges Key to Lower Health Costs for Consumers",https://nchc.org/content/effective-state-exchanges-key-lower-health-costs-consumers-0/
"FDA Targets Online Stores for Illegal Marketing of Tobacco Products",https://nchc.org/content/fda-targets-online-stores-illegal-marketing-tobacco-products/
"Health Care Consumes Record 17.6% of US Economy",https://nchc.org/content/health-care-consumes-record-176-us-economy/
"Health Care Cost Control Must Be System-Wide",https://nchc.org/content/health-care-cost-control-must-be-system-wide/
"Health Care Costs: The Role of Price by Paul Ginsburg",https://nchc.org/content/health-care-costs-role-price-paul-ginsburg/
"Health Care ""Failsafe"" Would Save $2 Trillion",https://nchc.org/content/health-care-failsafe-would-save-2-trillion/
"Health IT Can Help Health Care Reform",https://nchc.org/content/health-it-can-help-health-care-reform/
"HHS Gives Meaning to ""Meaningful Use""",https://nchc.org/content/hhs-gives-meaning-meaningful-use/
"Hospice Shown to Save Costs, Reduce Emotional Distress for Terminally Ill",https://nchc.org/content/hospice-shown-save-costs-reduce-emotional-distress-terminally-ill/
"How Sustainable is the Medicaid Program for States?",https://nchc.org/content/how-sustainable-medicaid-program-states/
"Massachusetts OKs Controversial Insurance Rate Increases",https://nchc.org/content/massachusetts-oks-controversial-insurance-rate-increases/
"Medicaid Coverage Doesn’t Guarantee Access",https://nchc.org/content/medicaid-coverage-doesn-t-guarantee-access/
"Members and Leaders of Faith Community Urge Congress and Administration to Move Reform Forward",https://nchc.org/content/members-and-leaders-faith-community-urge-congress-and-administration-move-reform-forward/
"More Resources From Other Organizations",https://nchc.org/content/more-resources-other-organizations/
"National Association of Community Health Centers: CHCs ""Will Continue to Grow and Reach Out to More People""",https://nchc.org/content/national-association-community-health-centers-chcs-will-continue-grow-and-reach-out-more-peo/
"New Report on Understanding U.S. Health Care Spending",https://nchc.org/content/new-report-understanding-us-health-care-spending-0/
"NPA Identifies Most Common Unnecessary Medical Services",https://nchc.org/content/npa-identifies-most-common-unnecessary-medical-services/
"Paul G. Rogers Memorial Scholars Program",https://nchc.org/content/paul-g-rogers-memorial-scholars-program/
"Projected 8.5 Percent Increase in Employer Healthcare Costs in 2012",https://nchc.org/content/projected-85-percent-increase-employer-healthcare-costs-2012/
"Public Health Advocacy Organization Opposes Health Spending Cuts",https://nchc.org/content/public-health-advocacy-organization-opposes-health-spending-cuts/
"Repeal, A Critical Step Backward on Cost Control",https://nchc.org/content/repeal-critical-step-backward-cost-control/
"Report Details Health Care Sector Profit Margins",https://nchc.org/content/report-details-health-care-sector-profit-margins/
"In Response to Public Outcry, Company Lowers Cost Increase",https://nchc.org/content/response-public-outcry-company-lowers-cost-increase/
"SBM: Health Insurance Helps Boost the Bottom Line of Small Businesses",https://nchc.org/content/sbm-health-insurance-helps-boost-bottom-line-small-businesses/
"Smoking and Obesity Dramatically Reduce Americans’ Life Expectancy",https://nchc.org/content/smoking-and-obesity-dramatically-reduce-americans-life-expectancy/
"Study reveals potential consequences of unregulated provider rate negotiations",https://nchc.org/content/study-reveals-potential-consequences-unregulated-provider-rate-negotiations/
"Working Class Americans Benefiting from the ACA",https://nchc.org/content/working-class-americans-benefiting-aca/
"A REALITY CHECK: THE PUBLIC'S CHANGING VIEWS OF OUR HEALTH CARE SYSTEM",https://nchc.org/emerge/check0498/
"A Reality Check: The Public's Changing View's of our Health Care System",https://nchc.org/emerge/exec0498/
"<strong>Key Findings on the Public's Changing Views of our Health Care System</strong>",https://nchc.org/emerge/key0498/
"Key Findings on Quality of Care in the United States",https://nchc.org/emerge/keyquality/
"<strong>Rethinking the Medicare Eligibility Age</strong><br><strong>Medicare Series Report #1</strong>",https://nchc.org/emerge/medicare0698/
"The Role of Medical Savings Accounts in Health System Reform",https://nchc.org/emerge/the-role-of-medical-savings-accounts-in-health-system-reform-2/
"Why The Quality of U.S. Health Care Must Be Improved",https://nchc.org/emerge/why-the-quality-of-u-s-health-care-must-be-improved-3/
"<strong>PRESIDENT CARTER, LEADERS CALL FOR BI-PARTISAN ACTION TO ACHIEVE UNIVERSAL HEALTH INSURANCE COVERAGE</strong>",https://nchc.org/releases/press012600/
"Tax Breaks Can Reduce the Number of Uninsured, But Not by Much Unless the Subsidy is Quite Large, Study Finds",https://nchc.org/releases/taxbreaks/
"The Rising Number of Uninsured Workers: An Approaching Crisis In Health Care Financing",https://nchc.org/emerge/the-rising-number-of-uninsured-workers-an-approaching-crisis-in-health-care-financing-2/
"Small Business Health Insurance Co-ops Won't Solve the Nation's Uninsured Problem",https://nchc.org/releases/stevepress/
"Déjà Vu All Over Again: Rising Health Insurance Premiums And Implications For The Public And Private Sector",https://nchc.org/releases/simmons_5_5_2000/
"<strong>Small Employer Health Insurance Purchasing Arrangements:<br>Can They Expand Coverage?</strong>",https://nchc.org/releases/stevesedit/
"<strong><em>1 MILLION MORE AMERICANS UNINSURED, ACCORDING TO U.S. CENSUS BUREAU</em></strong>",https://nchc.org/releases/uninsured-2/
"<strong><em>Why Health Care Quality Must be Improved and Why Health System Reform Must Occur</em></strong>",https://nchc.org/releases/simmons_3_31_2001/
"<strong>Universal Coverage - A Call for Action</strong>",https://nchc.org/releases/addington_1-26-00/
"Coalition Praises Families USA Study; Calls for Congress and the States to Act Quickly",https://nchc.org/releases/presscontacts/
"N E W S R E L E A S E",https://nchc.org/releases/press012397/
"N E W S R E L E A S E",https://nchc.org/releases/n-e-w-s-r-e-l-e-a-s-e-2/
"N E W S R E L E A S E",https://nchc.org/releases/n-e-w-s-r-e-l-e-a-s-e-3/
"N E W S R E L E A S E",https://nchc.org/releases/n-e-w-s-r-e-l-e-a-s-e-4/
"N E W S R E L E A S E",https://nchc.org/releases/n-e-w-s-r-e-l-e-a-s-e-5/
"N E W S R E L E A S E",https://nchc.org/releases/n-e-w-s-r-e-l-e-a-s-e-6/
"Chicago Health Care Summit: Strategies for Improving the Affordability of Care and Coverage",https://nchc.org/event/chicago-health-care-summit/
"N E W S R E L E A S E",https://nchc.org/releases/n-e-w-s-r-e-l-e-a-s-e-7/
"A D V E R T I S M E N T",https://nchc.org/releases/press022997/
"A D V E R T I S M E N T",https://nchc.org/releases/a-d-v-e-r-t-i-s-m-e-n-t-2/
"Innovations in Maternity Care",https://nchc.org/event/innovations-maternity-care/
"A D V E R T I S M E N T",https://nchc.org/releases/a-d-v-e-r-t-i-s-m-e-n-t-3/
"N E W S R E L E A S E",https://nchc.org/releases/n-e-w-s-r-e-l-e-a-s-e-8/
"Medicaid Per Capita Allotments: Exploring Implications for Medicare Beneficiaries",https://nchc.org/event/medicaid-per-capita-allotments/
"N E W S R E L E A S E",https://nchc.org/releases/n-e-w-s-r-e-l-e-a-s-e-9/
"N E W S R E L E A S E",https://nchc.org/releases/n-e-w-s-r-e-l-e-a-s-e-10/
"New York Health Care Summit: Strategies for Improving the Affordability of Care and Coverage",https://nchc.org/event/new-york-health-care-summit-strategies-for-improving-the-affordability-of-care-and-coverage/
"N E W S R E L E A S E",https://nchc.org/uncategorized/n-e-w-s-r-e-l-e-a-s-e-11/
"Philadelphia Health Care Summit: Strategies for Improving the Affordability of Care and Coverage",https://nchc.org/event/philadelphia-health-care-summit-strategies-for-improving-the-affordability-of-care-and-coverage/
"N E W S R E L E A S E",https://nchc.org/releases/n-e-w-s-r-e-l-e-a-s-e-12/
"Health Insurance Premiums",https://nchc.org/releases/health-insurance-premiums/
"N E W S R E L E A S E",https://nchc.org/releases/n-e-w-s-r-e-l-e-a-s-e-13/
"N E W S R E L E A S E",https://nchc.org/releases/n-e-w-s-r-e-l-e-a-s-e-14/
"N E W S R E L E A S E",https://nchc.org/releases/n-e-w-s-r-e-l-e-a-s-e-15/
"Prevention Across the Lifespan",https://nchc.org/event/prevention-across-the-lifespan/
"Primary Care: High-Value Care for Underserved Communities",https://nchc.org/event/primary-care/
"Medical Errors Report",https://nchc.org/releases/press022200/
"A D V E R T I S M E N T",https://nchc.org/releases/a-d-v-e-r-t-i-s-m-e-n-t-4/
"2017 Medicare Premium Spike",https://nchc.org/events/2017-medicare-premium-spike/
"<strong><em>Medicare Reform Must Include Incentives</em></strong><br><strong><em>to Improve Quality of Care</em></strong>",https://nchc.org/releases/press021899/
"N E W S R E L E A S E",https://nchc.org/releases/n-e-w-s-r-e-l-e-a-s-e-16/
"<strong>PRESIDENT CARTER, LEADERS CALL FOR BI-PARTISAN ACTION TO ACHIEVE UNIVERSAL HEALTH INSURANCE COVERAGE</strong>",https://nchc.org/releases/president-carter-leaders-call-for-bi-partisan-action-to-achieve-universal-health-insurance-coverage-2/
"N E W S R E L E A S E",https://nchc.org/releases/n-e-w-s-r-e-l-e-a-s-e-17/
"Statement on President Clinton's Long Term Care Tax Credit Proposal",https://nchc.org/releases/press010899/
"<strong>Universal Coverage - A Call for Action</strong>",https://nchc.org/releases/universal-coverage-a-call-for-action-2/
"<strong>Universal Coverage - A Call for Action</strong>",https://nchc.org/releases/universal-coverage-a-call-for-action-3/
"<strong><em>Health Care Spending Rising Fastest in the U.S.</em></strong>",https://nchc.org/releases/oecd/
"Statement on Emerging Health Care Proposals From President Clinton and Congressional Republicans",https://nchc.org/releases/newpress/
"MAJOR GROUPS JOIN THE NATIONAL COALITION ON HEALTH CARE SIGNALING GROWING SUPPORT FOR REFORM",https://nchc.org/releases/new_member_release_11-8-99/
"After the SGR: Building a Transformed Payment and Delivery System",https://nchc.org/events/after-the-sgr-building-a-transformed-payment-and-delivery-system/
"Alternative Payment Methods: Achieving the Next Level of Performance",https://nchc.org/events/alternative-payment-methods-achieving-the-next-level-of-performance/
"A Prescription for Savings: Medication Management and Improved Adherence",https://nchc.org/events/a-prescription-for-savings-medication-management-and-improved-adherence/
"Bending the Health Care Cost Curve: The Role of Investments in Prevention",https://nchc.org/events/bending-the-health-care-cost-curve-the-role-of-investments-in-prevention/
"Competition and Prescription Drug Costs: What’s Ahead in 2017",https://nchc.org/events/competition-and-prescription-drug-costs-whats-ahead-in-2017/
"Is Arbitration a Solution to High Drug Prices?",https://nchc.org/events/congressional-briefing-on-binding-arbitration/
"Curbing Costs While Expanding Coverage: Strategies from Massachusetts and California for a Post SCOTUS World",https://nchc.org/events/curbing-costs-while-expanding-coverage-strategies-from-massachusetts-and-california-for-a-post-scotus-world/
"NCHC &amp; West Health Hill Briefing: Drug Pricing Reform: The Costs of Inaction",https://nchc.org/events/drug-pricing-reform-the-costs-of-inaction/
"Episodic Bundled Payment: A Critical Next Step in Health Care Payment Reform",https://nchc.org/events/episodic-bundled-payment-a-critical-next-step-in-health-care-payment-reform/
"Freshman Member Briefing on Medicaid Fundamentals",https://nchc.org/events/freshman-briefing-on-medicaid-fundamentals/
"Freshman Member Briefing on the Affordable Care Act",https://nchc.org/events/freshman-member-briefing-on-the-affordable-care-act/
"Health Care Quality and Efficiency: The Role of Consumer Engagement and Improved Diagnostic and Therapeutic Accuracy",https://nchc.org/events/health-care-quality-and-efficiency-the-role-of-consumer-engagement-and-improved-diagnostic-and-therapeutic-accuracy/
"<strong><em>Medicare Vouchers Could Save MoneyBut Must Be Designed Carefully To Avoid Hurting The Elderly</em></strong>",https://nchc.org/releases/medicare/
"<strong>Universal Coverage - A Call for Action</strong>",https://nchc.org/releases/universal-coverage-a-call-for-action-4/
"Health Policy After the SGR: What’s Possible in Value-Based Payment and Benefits?",https://nchc.org/events/health-policy-after-the-sgr-whats-possible-in-value-based-payment-and-benefits/
"Reducing Medical Errors",https://nchc.org/releases/medical_release_2-22/
"<em><strong>Number of Uninsured Could Rise<br>By 16-18 Million Over the Next Decade</strong></em>",https://nchc.org/releases/mayrevise/
"The Path Forward: The 2020 Elections and Re-Imagining the Health Care System Amid Crisis",https://nchc.org/events/https-nchc-org-thepathforward/
"Coalition Calls For Quality of Care Legislation This Year",https://nchc.org/releases/legislation/
"<strong>Best Practices: New Strategies to Reduce Medical Errors</strong>",https://nchc.org/releases/hes_speech_on_medical_errors_2-22/
"<strong>IOWA GOVERNORS ISSUE BI-PARTISAN CALL FOR ACTION ON HEALTH CAR</strong>",https://nchc.org/releases/iowa_governors_issue_1-7-00/
Study,https://nchc.org/releases/erosion/
"Improving Chronic Care in Medicare Advantage and Beyond",https://nchc.org/events/improving-chronic-care-in-medicare-advantage-and-beyond/
"<strong>USING THE FEDERAL INCOME TAX SYSTEM TO EXPAND HEALTH INSURANCE COVERAGE:<br>A PRIMER ON THE ISSUES</strong>",https://nchc.org/releases/expandinsurance-2/
"Report on Best Practices to Reduce Medical Errors Will Be Issued in Early 2000",https://nchc.org/releases/health_care_alert_12-1-99/
"<strong>USING THE FEDERAL INCOME TAX SYSTEM TO EXPAND HEALTH INSURANCE COVERAGE:<br>A PRIMER ON THE ISSUES</strong>",https://nchc.org/releases/using-the-federal-income-tax-system-to-expand-health-insurance-coveragea-primer-on-the-issues-2/
"Improving Medicare Post-Acute Care Transformation (IMPACT) Through Standardized Assessment Data",https://nchc.org/events/improving-medicare-post-acute-care-transformation-impact-through-standardized-assessment-data/
Study,https://nchc.org/releases/study-2/
"<strong>Universal Coverage - A Call for Action</strong>",https://nchc.org/releases/universal-coverage-a-call-for-action-5/
"Improving Patient Quality of Life: The Role of Palliative Care",https://nchc.org/events/improving-patient-quality-of-life-the-role-of-palliative-care/
"<strong><em>FOCUS OF HEALTH CARE DEBATE MUST BE EXPANDED</em></strong>",https://nchc.org/releases/debate13/
"Innovative Private Sector Strategies to Curb Health Costs",https://nchc.org/events/innovative-private-sector-strategies-to-curb-health-costs/
"<strong>Universal Coverage - A Call for Action</strong>",https://nchc.org/releases/universal-coverage-a-call-for-action-6/
"<strong><em>Congressional Candidates Express Broad Bipartisan Support For</em></strong><br><strong><em>Health System Changes</em></strong>",https://nchc.org/releases/candidate/
"Medicare Cliff: Who’s Impacted by Projected 52% Jump in Medicare Premiums? Will Washington Do Something About It?",https://nchc.org/events/medicare-cliff-whos-impacted-by-projected-52-jump-in-medicare-premiums-will-washington-do-something-about-it/
"<strong>Universal Coverage - A Call for Action</strong>",https://nchc.org/releases/universal-coverage-a-call-for-action-7/
"<strong><em>Former President George Bush Joins the National Coalition on Health Care</em></strong>",https://nchc.org/releases/bush_joins/
"NCHC &amp; West Health Hill Briefing: The Burden of High Drug Prices Among Communities of Color (Part 1)",https://nchc.org/events/nchc-west-health-public-hill-briefing-on-drug-pricing-2/
"March 15, 1999",https://nchc.org/releases/attach2/
"<strong>Improving the Quality of Health Care:</strong><br><strong>The Federal Government Must Play a Vital Role</strong>",https://nchc.org/releases/attach1/
"<strong><em>Initiative to Improve Health Care<br>Seeks Wider Adoption of Quality Innovations</em></strong>",https://nchc.org/releases/adopt_quality/
"<strong>Universal Coverage - A Call For Action</strong>",https://nchc.org/releases/universal-coverage-a-call-for-action-8/
"Did You Know?",https://nchc.org/know/seniors/
"Health Care Facts",https://nchc.org/know/coverage/
"Did You Know?",https://nchc.org/know/did-you-know-2/
"Did You Know?",https://nchc.org/know/did-you-know-3/
GLOSSARY,https://nchc.org/know/glossary/
"Did You Know?",https://nchc.org/know/did-you-know-4/
"HEALTH CARE COSTS ñ MYTHS AND REALTIES",https://nchc.org/know/mythnreality/
"Did You Know?",https://nchc.org/know/did-you-know-5/
"Key Findings - Quality Paper",https://nchc.org/know/quality_myths/
"Did You Know?",https://nchc.org/know/did-you-know-6/
"Did You Know?",https://nchc.org/know/did-you-know-7/
"<a href=""https://nchc.org/wp-admin/post.php?post=1074&amp;action=edit"">Health Care Facts</a>",https://nchc.org/know/spending/
"Uninsured Myths and Realities",https://nchc.org/know/uninsured_myths/
"NCHC | Materials - Articles",https://nchc.org/materials/index-6/
"NCHC | News - Press Releases",https://nchc.org/materials/archive/
"NCHC | News - Press Releases",https://nchc.org/materials/nchc-news-press-releases-2/
"NCHC | News - Press Releases",https://nchc.org/materials/nchc-news-press-releases-3/
"New Paths to Health Care Value: Perspectives on Medicare Policy from Cost and Quality Leaders",https://nchc.org/events/new-paths-to-health-care-value-perspectives-on-medicare-policy-from-cost-and-quality-leaders/
"Previewing the 2017 Health Care Policy Agenda",https://nchc.org/events/previewing-the-2017-health-care-policy-agenda/
"Separating Politics from Health Care Choices: Key “Purple” Messages for All Consumers",https://nchc.org/events/separating-politics-from-health-care-choices-key-purple-messages-for-all-consumers/
sdfsdf,https://nchc.org/massachusettsnews/sdfsdf/
"Sugary Drinks, A Public Health Challenge: Using Tax Policy to Promote Wellness and Prevention",https://nchc.org/events/sugary-drinks-a-public-health-challenge-using-tax-policy-to-promote-wellness-and-prevention/
"Tackling Prescription Drug Costs: An Examination of Proposed Medicare Part D Reforms and Alternatives",https://nchc.org/events/tackling-prescription-drug-costs-an-examination-of-proposed-medicare-part-d-reforms-and-alternatives/
"The Escalating Costs of Health Coverage: Causes, Impacts, and Options",https://nchc.org/events/the-escalating-costs-of-health-coverage-causes-impacts-and-options/
"Transforming Primary Care: Scaling Up Successful Medical Home Programs",https://nchc.org/events/transforming-primary-care-scaling-up-successful-medical-home-programs/
"NCHC | Members - Board of Directors",https://nchc.org/membersbios/board/
"Withholds, Accountable Care, and Affordable Medicare Policy",https://nchc.org/events/withholds-accountable-care-and-affordable-medicare-policy/
"NCHC | Members - Board of Directors",https://nchc.org/membersbios/nchc-members-board-of-directors-2/
"NCHC | Members - Board of Directors",https://nchc.org/membersbios/nchc-members-board-of-directors-3/
"NCHC | Members - Board of Directors",https://nchc.org/membersbios/nchc-members-board-of-directors-4/
Events,https://nchc.org/events/ical-1/
"NCHC | Members - Board of Directors",https://nchc.org/membersbios/nchc-members-board-of-directors-5/
"NCHC | Members - Board of Directors",https://nchc.org/membersbios/nchc-members-board-of-directors-6/
"NCHC | Members - Board of Directors",https://nchc.org/membersbios/nchc-members-board-of-directors-7/
"NCHC | Members - Board of Directors",https://nchc.org/membersbios/nchc-members-board-of-directors-8/
"NCHC | Members - Board of Directors",https://nchc.org/membersbios/nchc-members-board-of-directors-9/
"NCHC | Members - Board of Directors",https://nchc.org/members/nchc-members-board-of-directors-10/
"Key Findings on Health Care Spending",https://nchc.org/emerge/key-findings-on-health-care-spending-2/
"NCHC | Members - Co-chairs",https://nchc.org/members/cochairs/
"NCHC | Members - Honorary Co-chairs",https://nchc.org/members/honorary/
"NCHC | Members - Membership List",https://nchc.org/members/members/
"NCHC | Members",https://nchc.org/members/membersindex/
"NCHC | Members - Individual Supporters",https://nchc.org/members/supporters/
"Minnesota Governor Issues Executive Order for Health Plans to Disclose Financials",https://nchc.org/minnesotanews/minnesota-governor-issues-executive-order-health-plans-disclose-financials/
"Minnesota: 2010 Tobacco Fact Sheet",https://nchc.org/minnesotaresource/minnesota-2010-tobacco-fact-sheet/
"NCHC | News - Media Statements",https://nchc.org/newsmedia_statements/simmonsbio/
"NCHC | News - Media Statements",https://nchc.org/newsmedia_statements/nchc-news-media-statements-2/
"NCHC | News - Media Statements",https://nchc.org/newsmedia_statements/nchc-news-media-statements-3/
"NCHC | News - Media Statements",https://nchc.org/newsmedia_statements/nchc-news-media-statements-4/
"NCHC | News - Media Statements",https://nchc.org/newsmedia_statements/nchc-news-media-statements-5/
"NCHC | News - Media Statements",https://nchc.org/newsmedia_statements/nchc-news-media-statements-6/
"NCHC | News - Media Statements",https://nchc.org/newsmedia_statements/nchc-news-media-statements-7/
"NCHC | News - Media Statements",https://nchc.org/newsmedia_statements/nchc-news-media-statements-8/
"NCHC | News - Media Statements",https://nchc.org/newsmedia_statements/nchc-news-media-statements-9/
"NCHC | News - Press Releases",https://nchc.org/newsmedia_statements/nchc-news-press-releases-4/
"Administration Invites Congressional Leaders to Bipartisan Health Care Summit",https://nchc.org/facts-resources/administration-invites-congressional-leaders-bipartisan-health-care-summit/
"NCHC | News - May 19th, 2003 Press Conference",https://nchc.org/newsmedia_statements/nchc-news-may-19th-2003-press-conference/
"NCHC | News - May 19th, 2003 Press Conference",https://nchc.org/newsmedia_statements/nchc-news-may-19th-2003-press-conference-2/
"NCHC | News - Media Statements",https://nchc.org/newsmedia_statements/nchc-news-media-statements-10/
"Adults and Cigarette Smoking: Prevalence and Trends",https://nchc.org/facts-resources/adults-and-cigarette-smoking-prevalence-and-trends/
"NCHC | News - Media Statements",https://nchc.org/newsmedia_statements/nchc-news-media-statements-11/
"NCHC | News - Media Statements",https://nchc.org/newsmedia_statements/nchc-news-media-statements-12/
"The Affordable Act: What It Means for You",https://nchc.org/facts-resources/affordable-act-what-it-means-you/
"NCHC | News - Media Statements",https://nchc.org/newsmedia_statements/nchc-news-media-statements-13/
"NCHC | News - Media Statements",https://nchc.org/newsmedia_statements/nchc-news-media-statements-14/
"NCHC | News - Media Statements",https://nchc.org/newsmedia_statements/nchc-news-media-statements-15/
"Allies In Action - ""Better Care at Lower Cost: Principles of Design""",https://nchc.org/facts-resources/allies-action-better-care-lower-cost-principles-design/
"NCHC | News - Media Statements",https://nchc.org/newsmedia_statements/nchc-news-media-statements-16/
"NCHC | News - Media Statements",https://nchc.org/newsmedia_statements/nchc-news-media-statements-17/
"Annual Report",https://nchc.org/facts-resources/annual-report/
"NCHC | News - Press Coverage",https://nchc.org/newspress_coverage/index-3/
"NCHC | News - Press Releases",https://nchc.org/news/nchc-news-press-releases-5/
"NCHC | News - Press Releases",https://nchc.org/newspress_releases/nchc-news-press-releases-6/
"Are You Choosing the Right Foods?",https://nchc.org/facts-resources/are-you-choosing-right-foods/
"NCHC | News - Press Releases",https://nchc.org/newspress_releases2003/nchc-news-press-releases-7/
"California's Ethnic Adults Need More Information About Health Care Reform",https://nchc.org/facts-resources/californias-ethnic-adults-need-more-information-about-health-care-reform/
"NCHC | News - Press Releases",https://nchc.org/newspress_releases2003/nchc-news-press-releases-8/
"CBO Projects Medicare Spending at $1,038 Billion in 2020",https://nchc.org/facts-resources/cbo-projects-medicare-spending-1038-billion-2020/
"NCHC | News - Press Releases",https://nchc.org/newspress_releases2003/nchc-news-press-releases-9/
"NCHC | News - Press Releases",https://nchc.org/newspress_releases/nchc-news-press-releases-10/
"Center for American Progress - Closing the Health Care Workforce Gap",https://nchc.org/facts-resources/center-american-progress-closing-health-care-workforce-gap/
"NCHC | News - Press Releases",https://nchc.org/newspress_releases/nchc-news-press-releases-11/
"Children Lack Access to Dental Care, A Key Preventive Service",https://nchc.org/facts-resources/children-lack-access-dental-care-key-preventive-service/
"NCHC | News - Upcoming Events - Community Forums",https://nchc.org/newsupcoming_events/communityforum/
"CMS Report on 2008 National Health Care Expenditures",https://nchc.org/facts-resources/cms-report-2008-national-health-care-expenditures/
"NCHC | News - Upcoming Events",https://nchc.org/newsupcoming_events/index-5/
"Community Health Centers Impact Neighborhood Health and Economic Needs",https://nchc.org/facts-resources/community-health-centers-impact-neighborhood-health-and-economic-needs/
"Comparing the Cost and Coverage Impacts of the House and Senate Leadership Health Reform Bills",https://nchc.org/facts-resources/comparing-cost-and-coverage-impacts-house-and-senate-leadership-health-reform-bills/
"A Compendium of Federal Budget and Cost Cutting Proposals from the Health Policy Perspective",https://nchc.org/facts-resources/compendium-federal-budget-and-cost-cutting-proposals-health-policy-perspective/
"Congressional Budget Office - Revised Cost Estimate for H.R. 3962",https://nchc.org/facts-resources/congressional-budget-office-revised-cost-estimate-hr-3962/
"Congressional Research Service Analyzes State Exchange Language",https://nchc.org/facts-resources/congressional-research-service-analyzes-state-exchange-language/
"Cost Containment: The Key to Accessible, Affordable, High-Quality Health Care",https://nchc.org/facts-resources/cost-containment-key-accessible-affordable-high-quality-health-care/
"The Costly Impact of Physican Ownership of Medical Equipment",https://nchc.org/facts-resources/costly-impact-physican-ownership-medical-equipment/
"CRS Report Identifies Workforce and Quality Provisions of Health Reform",https://nchc.org/facts-resources/crs-report-identifies-workforce-and-quality-provisions-health-reform/
"CRS Summarizes Discretionary Funding, Appropiations and Fund Transfers in ACA",https://nchc.org/facts-resources/crs-summarizes-discretionary-funding-appropiations-and-fund-transfers-aca/
"Democratic Congressional Leaders Asked to Ensure Bipartisan Process",https://nchc.org/facts-resources/democratic-congressional-leaders-asked-ensure-bipartisan-process/
"Educating Skittish Small Businesses",https://nchc.org/facts-resources/educating-skittish-small-businesses/
"The Effects of Cost-Sharing on the Health of Vulnerable Populations",https://nchc.org/facts-resources/effects-cost-sharing-health-vulnerable-populations/
"Estimated Financial Effects of the ""America's Affordable Health Choices Act of 2009"" (H.R. 3962)",https://nchc.org/facts-resources/estimated-financial-effects-americas-affordable-health-choices-act-2009-hr-3962/
"Facts &amp; Resources",https://nchc.org/facts-resources/list-page-8/
"Fact Sheet - Early Retirees",https://nchc.org/facts-resources/fact-sheet-early-retirees/
"Fact Sheet - Free Drug Samples",https://nchc.org/facts-resources/fact-sheet-free-drug-samples/
"Health Care and You: Understanding the Health Care Law",https://nchc.org/facts-resources/health-care-and-you-understanding-health-care-law/
"Health Care Reform: Creating A Sustainable Health Care Marketplace",https://nchc.org/facts-resources/health-care-reform-creating-sustainable-health-care-marketplace/
"Health Reform Advocates Push for Completion of Temporary Insurance Pool",https://nchc.org/facts-resources/health-reform-advocates-push-completion-temporary-insurance-pool/
"Holding Steady, Looking Ahead: Kaiser's Annual Findings of a 50-State Survey",https://nchc.org/facts-resources/holding-steady-looking-ahead-kaisers-annual-findings-50-state-survey/
"Facts &amp; Resources",https://nchc.org/facts-resources/facts-resources-2/
"Facts &amp; Resources",https://nchc.org/facts-resources/facts-resources-3/
"Facts &amp; Resources",https://nchc.org/facts-resources/facts-resources-4/
"Facts &amp; Resources",https://nchc.org/facts-resources/facts-resources-5/
"Facts &amp; Resources",https://nchc.org/facts-resources/facts-resources-6/
"Facts &amp; Resources",https://nchc.org/facts-resources/facts-resources-7/
"Medicare: 6 Things You Need to Know Now",https://nchc.org/facts-resources/medicare-6-things-you-need-know-now/
"National Health Expenditures Jumped 5.7 Percent Last Year",https://nchc.org/facts-resources/national-health-expenditures-jumped-57-percent-last-year/
"National Minimum Medical Loss Ratio Would Save Tens of Billions of Dollars For Businesses, Individuals - Main Street Alliance",https://nchc.org/facts-resources/national-minimum-medical-loss-ratio-would-save-tens-billions-dollars-businesses-indi/
"Need CA Health Stats? Look No Further!",https://nchc.org/facts-resources/need-ca-health-stats-look-no-further/
"New America on Health Policy: Easy Access to Our Work and Experts on This Issue",https://nchc.org/facts-resources/new-america-health-policy-easy-access-our-work-and-experts-issue/
"New CBO Score Claims Greater Deficit Reduction from Health Reform",https://nchc.org/facts-resources/new-cbo-score-claims-greater-deficit-reduction-health-reform/
"New Website to Provide Health Reform Information to Consumers",https://nchc.org/facts-resources/new-website-provide-health-reform-information-consumers/
"The Patient Protection and Affordable Care Act",https://nchc.org/facts-resources/patient-protection-and-affordable-care-act/
"Personal Cost of Obesity",https://nchc.org/facts-resources/personal-cost-obesity/
"Plans to Improve Health Care’s Fiscal Challenges",https://nchc.org/facts-resources/plans-improve-health-care-s-fiscal-challenges/
"President Obama Calls for Completion of Health Reform",https://nchc.org/facts-resources/president-obama-calls-completion-health-reform/
"Realizing Cost Savings from Health Promotion Programs",https://nchc.org/facts-resources/realizing-cost-savings-health-promotion-programs/
"Repealing Reform Increases Deficit by $455 Billion",https://nchc.org/facts-resources/repealing-reform-increases-deficit-455-billion/
"Retiree Health Benefits, Underfunded in 40 States",https://nchc.org/facts-resources/retiree-health-benefits-underfunded-40-states/
"Robert Wood Johnson Foundation Develops Interactive Tool to Track Smoking-Related Trends",https://nchc.org/facts-resources/robert-wood-johnson-foundation-develops-interactive-tool-track-smoking-related-trend/
"Rules Committee Posts Text of Health Reform Corrections Package",https://nchc.org/facts-resources/rules-committee-posts-text-health-reform-corrections-package/
"Secretaries of Health and Human Services, Labor and Treasury Highlight ACA Benefits",https://nchc.org/facts-resources/secretaries-health-and-human-services-labor-and-treasury-highlight-aca-benefits/
"Small Business and Realizing Health Reform's Potential",https://nchc.org/facts-resources/small-business-and-realizing-health-reforms-potential/
"Small Business Tax Credit Calculator",https://nchc.org/facts-resources/small-business-tax-credit-calculator/
"Smoking Cessation: Benefits, Barriers, and Policy Interventions",https://nchc.org/facts-resources/smoking-cessation-benefits-barriers-and-policy-interventions/
"Socio-Economic Status and Smoking",https://nchc.org/facts-resources/socio-economic-status-and-smoking/
"Specifications for Reform",https://nchc.org/facts-resources/specifications-reform/
"Stimulus Dollars Aid to Community Health Centers: A First Look",https://nchc.org/facts-resources/stimulus-dollars-aid-community-health-centers-first-look/
"Third Way Policy Brief - What's In It For Me: 12 Benefits of Health Insurance Reform",https://nchc.org/facts-resources/third-way-policy-brief-whats-it-me-12-benefits-health-insurance-reform/
"U.S. PIRG Letter to Majority Leader Reid on Introduced Bill",https://nchc.org/facts-resources/us-pirg-letter-majority-leader-reid-introduced-bill/
"Viewing Exchanges Through the Eyes of Children (and parents)",https://nchc.org/facts-resources/viewing-exchanges-through-eyes-children-and-parents/
"What Health Reform Means to Consumers on the 6 Month Anniversary",https://nchc.org/facts-resources/what-health-reform-means-consumers-6-month-anniversary/
Forums,https://nchc.org/forums/event_id1-9/
Forums,https://nchc.org/forums/forums-2/
Forums,https://nchc.org/forums/forums-3/
Forums,https://nchc.org/forums/forums-4/
Forums,https://nchc.org/forums/forums-5/
Forums,https://nchc.org/forums/forums-6/
Forums,https://nchc.org/forums/forums-7/
Forums,https://nchc.org/forums/forums-8/
Forums,https://nchc.org/forums/forums-9/
Forums,https://nchc.org/forums/forums-10/
Forums,https://nchc.org/forums/forums-11/
Forums,https://nchc.org/forums/forums-12/
Forums,https://nchc.org/forums/forums-13/
Forums,https://nchc.org/forums/forums-14/
Forums,https://nchc.org/forums/forums-15/
Forums,https://nchc.org/forums/forums-16/
Forums,https://nchc.org/forums/forums-17/
Forums,https://nchc.org/forums/forums-18/
Forums,https://nchc.org/forums/forums-19/
Forums,https://nchc.org/forums/forums-20/
"Board Members",https://nchc.org/about-us2/board-members/
"BOARD OF DIRECTORS",https://nchc.org/about-us2/board-of-directors/
"Members and Supporters",https://nchc.org/about-us2/coalition-members/
"Mission and Vision",https://nchc.org/about-us2/mission-and-vision/
Mission,https://nchc.org/about-us2/mission-history/
"NCHC Team Members",https://nchc.org/about-us2/nchc-team-members/
"NCHC Team Members",https://nchc.org/about-us2/staff-3/
"A Lesson from Massachusetts: The Importance of the Individual Mandate",https://nchc.org/massachusettsnews/lesson-massachusetts-importance-individual-mandate/
"NCHC | Materials - Articles",https://nchc.org/materialsarticles/nchc-materials-articles-2/
"NCHC | Materials - Speeches",https://nchc.org/materialsspeeches/upcomingspeeches/
"NCHC | Materials - Speeches",https://nchc.org/materialsspeeches/nchc-materials-speeches-2/
"NCHC | Materials - Speeches",https://nchc.org/materialsspeeches/nchc-materials-speeches-3/
"NCHC | Materials - Speeches",https://nchc.org/materialsspeeches/nchc-materials-speeches-4/
"NCHC | Materials - Speeches",https://nchc.org/materialsspeeches/nchc-materials-speeches-5/
"NCHC | Materials - Speeches",https://nchc.org/materialsspeeches/nchc-materials-speeches-6/
"NCHC | Materials - Speeches",https://nchc.org/materialsspeeches/nchc-materials-speeches-7/
"NCHC | Materials - Studies/Reports",https://nchc.org/materials/index-8/
"NCHC | Materials - Studies/Reports",https://nchc.org/materialsstudies/nchc-materials-studies-reports-2/
"NCHC | Materials - Building a Better Health System Report Materials",https://nchc.org/materialsstudies/specifications/
"All News | National Coalition on Health Care",https://nchc.org/newsroom/list-2/
"NCHC Issue Briefs and Fact Sheets (2016)",https://nchc.org/newsroom/nchc-fact-sheet-series/
"NCHC in the News (2016)",https://nchc.org/newsroom/nchc-in-the-news/
"Press Kit",https://nchc.org/newsroom/press-kit/
"Press Releases",https://nchc.org/newsroom/press-releases/
"Containing Costs and Avoiding Tax Increases While Improving Quality: Affordable Coverage and High Value Care",https://nchc.org/newsroompress-releases/containing-costs-and-avoiding-tax-increases-while-improving-quality-affordab/
"Oppose Repeal of Reform and Work for Bipartisan Health Cost Containment Solutions",https://nchc.org/newsroompress_releases/oppose-repeal-reform-and-work-bipartisan-health-cost-containment-solutions/
"Working for Bipartisan Health Cost Control",https://nchc.org/newsroompress_releases/working-bipartisan-health-cost-control/
"Larry McNeely | National Coalition on Health Care",https://nchc.org/node/1053/
"More Primary Care Physicians Could Mean More Savings for Medicaid",https://nchc.org/nodeuncategorized/1058/
"Roadmap to State Health Insurance Exchanges",https://nchc.org/node/1060/
"The Honorable David Durenberger",https://nchc.org/node/the-honorable-david-durenberger-2/
"The Debt Ceiling Debate: Key Resources",https://nchc.org/node/1109/
"Deficit Reduction Panel Must Make Health System Costs and Quality a Top Priority",https://nchc.org/node/1124/
"Health Care Spending Projected to Top $8 Billion in Alaska",https://nchc.org/node/1142/
"Kansas Returns Millions in ACA Grants",https://nchc.org/node/1149/
"SC to Increase Health Premiums for State Employees and Retirees",https://nchc.org/node/1150/
"MO Cuts Premiums for Pre-existing Condition Health Plan",https://nchc.org/node/1151/
"Following MA Health Reform, Demand for Safety-Net Hospitals Remains High",https://nchc.org/node/1152/
"Individual Health Insurers Leaving Indiana",https://nchc.org/node/1153/
"Connecticut to Decrease Premiums for Preexisting Condition Health Plans",https://nchc.org/node/1154/
"Judge Rules in Favor of Arizona Medicaid Cuts",https://nchc.org/node/1157/
"CA Cuts Costs and Saves Lives by Preventing Hospital-Related Infections",https://nchc.org/node/1160/
"Ralph G. Neas to Step Down as President and CEO of the National Coalition on Health Care",https://nchc.org/node/1165/
"John Rother | National Coalition on Health Care",https://nchc.org/node/1166/
"John Rother Takes Helm at the National Coalition on Health Care",https://nchc.org/node/1167/
"Health Care Spending as Percentage of GDP Reaches All-Time High",https://nchc.org/node/1171/
"National Coalition on Health Care Issues Cost-Saving Proposals Following News of Rate Increases",https://nchc.org/node/1177/
"National Physician's Alliance Identifies Over $5 Billion in Potential Savings",https://nchc.org/node/1178/
"MedPAC Tackles Provider Payment Reform; Will Congress Do the Same?",https://nchc.org/node/1179/
"Debra Barrett | National Coalition on Health Care",https://nchc.org/node/1180/
"Jack Lewin | National Coalition on Health Care",https://nchc.org/node/1181/
"David Dobbins | National Coalition on Health Care",https://nchc.org/node/1182/
"John C. Rother | National Coalition on Health CareJohn C. Rother",https://nchc.org/node/1183/
"ACOs – A First Step Towards A Value-Based Payment System",https://nchc.org/node/1184/
"Becky Beauregard | National Coalition on Health Care",https://nchc.org/node/1186/
"NCHC Urges Congress to Curb System-Wide Health Costs the Right Way Following Supercommittee Collapse",https://nchc.org/node/1187/
"Ten Steps to Better Care: John Rother and Norman Kahn Promote Better Health Outcomes Based on Evidence",https://nchc.org/node/1188/
"Tim Wahlers | National Coalition on Health Care",https://nchc.org/node/1189/
"CAREER OPPORTUNITIES &amp; INTERNSHIPS",https://nchc.org/programs/rogers-scholars-program/
"Career Opportunities & Internships",https://nchc.org/programs/joinourteam/
PROGRAMS,https://nchc.org/uncategorized/programs/
"Statement Of Principles",https://nchc.org/uncategorized/principles/
"Promote a High-Value Health Care System that Supports Vulnerable Populations",https://nchc.org/policy/promote-a-high-value-health-care-system/
"Preserving and Improving Medicaid and CHIP",https://nchc.org/policy/preserving-and-improving-medicaid-and-chip/
"2013-2016 NCHC Policy Correspondence",https://nchc.org/policy/policy-correspondence/
"Medicare Advantage: Building on Success",https://nchc.org/policy/medicare-advantage-building-on-success/
"Making Prescription Drugs More Affordable",https://nchc.org/policy/making-prescription-drugs-more-affordable/
"Make Prescription Drugs More Affordable",https://nchc.org/policy/make-prescription-drugs-more-affordable/
"Make Health Care Affordable and Accessible",https://nchc.org/policy/make-health-care-affordable-and-accessible/
"Investing in Prevention and Public Health",https://nchc.org/policy/investing-in-prevention-and-public-health/
"Improving the Affordability of Coverage",https://nchc.org/policy/improving-the-affordability-of-coverage/
"Expanding Care Coordination for High-Cost, High Need Beneficiaries",https://nchc.org/policy/expanding-care-for-high-cost-high-need/
"Empowering Consumers",https://nchc.org/policy/empowering-consumers/
"Eliminate Surprise Medical Billing",https://nchc.org/policy/eliminate-surprise-medical-billing/
"National Coalition On Health Care",https://nchc.org/implication/figure9/
"COVID-19 Pandemic Response Timeline",https://nchc.org/policy/covid-19-pandemic-response-timeline/
"Accelerating the Value-Based Care Movement",https://nchc.org/policy/accelerating-the-value-based-care-movement/
"National Coalition On Health Care",https://nchc.org/implication/national-coalition-on-health-care-2/
"NCHC Plan For Health and Fiscal Policy",https://nchc.org/policy/plan-for-health-and-fiscal-policy/
"National Coalition On Health Care",https://nchc.org/implication/national-coalition-on-health-care-3/
"National Coalition On Health Care",https://nchc.org/implication/national-coalition-on-health-care-4/
"William A. Roberts | National Coalition on Health Care",https://nchc.org/people/william-roberts/
"National Coalition On Health Care",https://nchc.org/implication/national-coalition-on-health-care-5/
"Lindsay Harnish | National Coalition on Health Care",https://nchc.org/people/lindsay-harnish/
"Kendra Janevski | National Coalition on Health Care",https://nchc.org/people/kendra-janevski/
"National Coalition On Health Care",https://nchc.org/implication/national-coalition-on-health-care-6/
"John Sweeney | National Coalition on Health Care",https://nchc.org/people/john-sweeney/
"John Seffrin | National Coalition on Health Care",https://nchc.org/people/john-seffrin/
"Frank Carlucci | National Coalition on Health Care",https://nchc.org/people/frank-carlucci/
"John H. McArthur | National Coalition on Health Care",https://nchc.org/people/john-h-mcarthur/
"National Coalition On Health Care",https://nchc.org/implication/national-coalition-on-health-care-7/
"The Honorable Robert W. Edgar, (D-PA) | National Coalition on Health Care",https://nchc.org/people/honorable-robert-w-edgar-d-pa/
"National Coalition On Health Care",https://nchc.org/implication/national-coalition-on-health-care-8/
"George Diehr | National Coalition on Health Care",https://nchc.org/people/george-diehr/
"Emmanuel Adepoju | National Coalition on Health Care",https://nchc.org/people/emmanuel-adepoju/
"National Coalition On Health Care",https://nchc.org/implication/national-coalition-on-health-care-9/
"Cheryl Matheis | National Coalition on Health Care",https://nchc.org/people/cheryl-matheis/
"Catherine Doyle | National Coalition on Health Care",https://nchc.org/people/catherine-doyle/
"National Coalition On Health Care",https://nchc.org/uncategorized/national-coalition-on-health-care-10/
"Bill Crist | National Coalition on Health Care",https://nchc.org/people/bill-crist/
"National Coalition On Health Care",https://nchc.org/implication/national-coalition-on-health-care-11/
"Ali Renner | National Coalition on Health Care",https://nchc.org/people/ali-renner/
"National Coalition On Health Care",https://nchc.org/implication/national-coalition-on-health-care-12/
"Past Events",https://nchc.org/past-event/event_id1-21/
"National Coalition On Health Care",https://nchc.org/implication/national-coalition-on-health-care-13/
"Members in the News",https://nchc.org/pages-to-delete/members-in-the-news/
"Blog - Medicaid Cost Containment: There's No Generic Solution",https://nchc.org/node/549/
"Changes In The Growth In Health Care Spending: Implicatons For Consumers",https://nchc.org/implication/implications/
"Blog - Maine Oh Maine: The HealthMarkets, Inc. Saga Proves Complicated",https://nchc.org/node/534/
"Annual Reports",https://nchc.org/node/292/
"NCHC Report on US Health Cost Growth",https://nchc.org/node/1284/
"Broad Alliance of Health Groups Releases Plan to Lower Costs, Improve Care",https://nchc.org/node/1274/
"The NCHC Plan for Health and Fiscal Policy",https://nchc.org/node/1273/
"Innovations in Health Care Delivery and Benefits: Real World Solutions",https://nchc.org/node/1265/
"Health: What Does Farm Policy Have to Do with It?",https://nchc.org/node/1249/
"Trends in Adopting EHR Systems",https://nchc.org/node/1247/
"Combating Fraud in Medicare and Medicaid",https://nchc.org/node/1246/
"A Medicare Wellness Program!",https://nchc.org/node/1245/
"New Massachussetts, California Initiatives Could Help Curb Costs Nationwide",https://nchc.org/node/new-massachussetts-california-initiatives-could-help-curb-costs-nationwide/
"With Supreme Court Ruling, Big Decisions Ahead for Congress",https://nchc.org/node/1236/
"Regardless of Supreme Court Decision, the Problem of Cost Isn’t Going Away",https://nchc.org/node/1235/
"Health Care Innovators Bring Medicare Reform Ideas to Capitol Hill",https://nchc.org/node/1234/
"Congress Should Move Promptly on Three Key MedPAC Recommendations",https://nchc.org/node/1233/
"NCHC Forum: Curbing Costs While Expanding Coverage - Strategies from Massachusetts and California for a Post SCOTUS World",https://nchc.org/node/1232/
"NCHC Hosts Reception in Honor of Founder and President Emeritus",https://nchc.org/node/1225/
"Fact or Fiction? The Five Myths of Medicare",https://nchc.org/node/1220/
"Best Doctors, Inc.",https://nchc.org/node/1217/
"NCHC Forum: ""Innovative Private Sector Strategies to Curb Health Costs""",https://nchc.org/node/1216/
"CMS Projects $200 billion in Medicare Savings from Health Care Reform Law",https://nchc.org/node/1212/
"Medical Organizations Come Together to Reduce Waste",https://nchc.org/node/1207/
"Dartmouth Scholar Headlines NCHC Forum on Affordable Medicare Policy",https://nchc.org/node/1206/
"MedPAC Advances Promising Medicare Reform Proposals",https://nchc.org/node/1202/
"Actors' Equity Association",https://nchc.org/node/1200/
"American Association of Birth Centers",https://nchc.org/node/1199/
"Blue Cross Blue Shield Association",https://nchc.org/node/1198/
"The President’s Budget: Small Scale Proposals for a Large Scale Problem",https://nchc.org/node/1197/
"Charles Kolb | National Coalition on Health Care",https://nchc.org/node/1196/
"The Honorable Tom Daschle | National Coalition on Health Care",https://nchc.org/node/1195/
"NCHC Sends Letter To Conference Committee on HR 3630",https://nchc.org/node/1194/
"John Rother Moderates Health Care Panel National Academy of Social Insurance",https://nchc.org/node/1191/
"Why Cost Control is an Important Issue…for Everyone",https://nchc.org/node/1190/
"Homepage Coalition Members",https://nchc.org/issue-areas/workforce-reforms-human-capital/
"Homepage Coalition Members",https://nchc.org/issue-areas/homepage-coalition-members-2/
"Homepage Coalition Members",https://nchc.org/issue-areas/homepage-coalition-members-3/
"Homepage Coalition Members",https://nchc.org/issue-areas/homepage-coalition-members-4/
"Homepage Coalition Members",https://nchc.org/issue-areas/homepage-coalition-members-5/
"Homepage Coalition Members",https://nchc.org/issue-areas/homepage-coalition-members-6/
"Homepage Coalition Members",https://nchc.org/issue-areas/homepage-coalition-members-7/
"Homepage Coalition Members",https://nchc.org/issue-areas/homepage-coalition-members-8/
"Homepage Coalition Members",https://nchc.org/issue-areas/homepage-coalition-members-9/
"Homepage Coalition Members",https://nchc.org/issue-areas/homepage-coalition-members-10/
"Homepage Coalition Members",https://nchc.org/issue-areas/homepage-coalition-members-11/
"Homepage Coalition Members",https://nchc.org/issue-areas/homepage-coalition-members-12/
"Homepage Coalition Members",https://nchc.org/issue-areas/homepage-coalition-members-13/
"Homepage Coalition Members",https://nchc.org/issue-areas/homepage-coalition-members-14/
"Homepage Coalition Members",https://nchc.org/issue-areas/homepage-coalition-members-15/
"Homepage Coalition Members",https://nchc.org/issue-areas/homepage-coalition-members-16/
"Homepage Coalition Members",https://nchc.org/issue-areas/homepage-coalition-members-17/
"How To Lose Inner Thigh Fat? 4 Effective Tips [Year]",https://nchc.org/nutrition/weight-management/how-to-lose-inner-thigh-fat/
"How To Get Rid Of Bloating? Tips & Tricks To Try For Debloating",https://nchc.org/health/digestion/how-to-get-rid-of-bloating/
"How To Increase Appetite? Everything You Should Know",https://nchc.org/health/how-to-increase-appetite/
"How Long Does It Take To Lose Weight? Weight Loss Tips",https://nchc.org/nutrition/weight-management/how-long-does-it-take-to-lose-weight/
"How Many Calories Do I Burn A Day & How To Estimate",https://nchc.org/health/how-many-calories-do-i-burn-a-day/
"Erfahrungen mit Ketogen Tropfen – Unser Test, die Bewertung &amp; der Kauf [Year]",https://nchc.org/ketogen-tropfen/
"How To Detox Your Body: 7 Tips According To Experts [Year]",https://nchc.org/nutrition/detox/how-to-detox-your-body/
"Are Bananas Good For Weight Loss Or Not? Diet Advice & Benefits",https://nchc.org/health/is-banana-good-for-weight-loss/
"How To Stop Receding Hairline? 8 Effective Ways In [Year]",https://nchc.org/beauty/hair/how-to-stop-a-receding-hairline/
"What To Eat When You Have Diarrhea: Foods To Eat & Avoid [Year]",https://nchc.org/health/digestion/what-to-eat-when-you-have-diarrhea/
"How To Get A Flat Stomach Fast: 3 Tips & Tricks [Year]",https://nchc.org/nutrition/weight-management/how-to-get-a-flat-stomach-fast/
"8 Healthy Breakfast To Lose Weight & Start The Day Right",https://nchc.org/nutrition/weight-management/healthy-breakfast-to-lose-weight/
"How To Stop Binge Eating? 10 Great Tips To Consider",https://nchc.org/health/how-to-stop-binge-eating/
"What Are Walnuts Good For? Nutrition Facts &amp; Health Benefits",https://nchc.org/health/what-are-walnuts-good-for/
"What Fruits Are Low In Sugar: 13 Best For Health [Year]",https://nchc.org/health/what-fruits-are-low-in-sugar/
"How To Lose Weight While Breastfeeding Safely In [Year]?",https://nchc.org/nutrition/weight-management/how-to-safely-lose-weight-while-breastfeeding/
"How To Clean Out Bowels Quickly: 3 Natural Ways & Tips [Year]",https://nchc.org/health/digestion/how-to-clean-out-bowels-quickly/
"Walnut Oil Benefits That Improve Your Health &amp; Beauty",https://nchc.org/health/walnut-oil-benefits/
"Emotional Support Animal Registration [Year]: How To Get ESA Letter?",https://nchc.org/mental-health/esa/emotional-support-animal/
"Prebio Boost Erfahrungen –  Die Besten Probiotika Von Nutrisolution Für [Year]",https://nchc.org/de/?p=2476
"Performer 8 Erfahrungen – Test, Bewertung &amp; Wo Kaufen [Year]",https://nchc.org/de/potenzmittel/performer-8/
"Clenbuterol Kaufen [Year] – Erfahrungen, Bewertungen & Wirkung",https://nchc.org/de/schlankmacher/clenbuterol-kaufen/
"Performer 8 Erfahrungen – Test, Bewertung &amp; Wo Kaufen [Year]",https://nchc.org/de/?p=2841
"Keto Extreme Fat Burner Erfahrungen [Year] – Schnell Und Gesund Abnehmen",https://nchc.org/de/?p=2844
"Private: D Bal Max Erfahrungen [Year] – Wirkung, Nebenwirkungen & Wo Sie Es Kaufen Können",https://nchc.org/de/?p=2907
"Regener 8 Erfahrungen [Year] – Wundermittel Zum Abnehmen?",https://nchc.org/de/?p=2917
"Diaetolin Erfahrungen, Test, Bewertung &amp; Kaufberatung [Year]",https://nchc.org/de/schlankmacher/diaetolin/
"Caven Morgen Komplex Erfahrungen [Year] – Wundermittel Zum Abnehmen?",https://nchc.org/de/?p=3002
"Phen24 Erfahrungen – Test & Kundenbewertungen [Year]",https://nchc.org/de/schlankmacher/phen24-erfahrungen/
"Jasper Caven Stoffwechsel Formel Erfahrungen [Year] – Wirklich Effektiv?",https://nchc.org/de/?p=3011
"Mokka Brenner Erfahrungen – Beste Natürliche Schlankmacher Produkte [Year]",https://nchc.org/de/?p=3117
"Brûleur Oméga Erfahrungen [Year] – Neuer Botenstoff Gegen Fettzellen",https://nchc.org/de/?p=3141
"Semenoll Erfahrungen [Year] – Test, Bewertungen & Kaufen",https://nchc.org/de/?p=3178
"Erfahrungen mit Ketogen Tropfen – Unser Test, Bewertung & Kauf [Year]",https://nchc.org/de/?p=3243
"MK 677 Erfahrungen [Year] – Test, Bewertungen & Kaufen",https://nchc.org/de/?p=3302
"Hairlust Erfahrungen - Die Beste Dänische Naturkosmetik-Marke Im Test Für [Year]",https://nchc.org/de/?p=3310
"EH5 Erfahrungen [Year] – Fett Effektiv Mit Hormonen Bekämpfen",https://nchc.org/de/?p=3349
"Trenorol Erfahrungen [Year] – Die Natürliche Steroid-Alternative",https://nchc.org/de/?p=3394
"CrazyBulk Erfahrungen [Year] - Die Besten Alternativen Zu Herkömmlichen Steroiden",https://nchc.org/de/testberichte/crazybulk/
"Potenzmittel Testsieger [Year] - Welches Potenzmittel Ist Das Beste ?",https://nchc.org/de/?p=3516
"CBD Kapseln Erfahrungen – Die 5 Besten Kapseln Im Test Für [Year]",https://nchc.org/de/?p=3591
"Naturtreu Erfahrungen [Year] – Bewertungen &amp; Kundenbewertungen",https://nchc.org/de/?p=3769
"Anvarol Erfahrung – Wirkung, Test &amp; Kaufen [Year]",https://nchc.org/de/?p=3842
"CBD-Öl Gegen Angst [Year] – Welches CBD-Öl ist das beste ?",https://nchc.org/de/?p=3941
"Yourbiology Test [Year] – Unsere Erfahrungen & Kundenbewertungen",https://nchc.org/de/?p=4069
"Testosteron Tabletten Test [Year] – Welche Testosteron Tabletten Sind Die Besten?",https://nchc.org/de/?p=4093
"Potenzmittel Für Frauen Mit Sofortwirkung [Year] - Welches Potenzmittel Ist Das Beste Für Frauen?",https://nchc.org/de/?p=4108
"PhenGold Erfahrungen [Year] – Meinungen und Tests zum Schlankmacher",https://nchc.org/de/schlankmacher/phengold-erfahrungen/
"Information Post Template",https://nchc.org/de/unkategorisiert/information-post-template/
"Haarausfall Nach Corona [Year] – Wie Kann Man Es Überwinden?",https://nchc.org/de/beauty-2/haarausfall-nach-corona/
"Abnehmpflaster Testsieger in [Year]: Das beste Patch für Gewichtsverlust",https://nchc.org/de/?p=4273
"Abnehmen Am Bauch - Tipps Und Hausmittel Zum Abnehmen Am Bauch [Year]",https://nchc.org/de/schlankmacher/abnehmen-am-bauch/
"CBD Öl für Katzen [Year] - Unsere Bewertung & Kaufempfehlung",https://nchc.org/de/?p=4427
"Flohsamenschalen Zum Abnehmen [Year] – Wie Funktioniert Das?",https://nchc.org/de/schlankmacher/flohsamenschalen-zum-abnehmen/
"Whey Protein Zum Abnehmen [Year] - Ist Whey Protein Gut Zum Abnehmen ?",https://nchc.org/de/schlankmacher/whey-protein-zum-abnehmen/
"Legale Steroide – Die besten Produkte [Year]",https://nchc.org/de/?p=4582
"Entgiftung Körper [Year]: Warum Und Wie Man Täglich Entgiftet",https://nchc.org/de/gesundheit/entgiftung-koerper/
"Schnell Abnehmen – Tipps Zum Abnehmen Schnell Und Effektiv [Year]",https://nchc.org/de/schlankmacher/schnell-abnehmen/
"Haarausfall Vitaminmangel – Was Ist Zu Tun [Year]?",https://nchc.org/de/gesundheit/haarausfall-vitaminmangel/
"Obst Zum Abnehmen - Bestes Obst Zum Abnehmen [Year]",https://nchc.org/de/schlankmacher/obst-zum-abnehmen/
"Metformin Abnehmen – Wie Metformin [Year] Beim Abnehmen Hilft",https://nchc.org/de/schlankmacher/metformin-abnehmen/
"10 Kg Abnehmen Ernährungsplan [Year] - Die Besten Tipps Zum Schnell 10 Kg Abnehmen",https://nchc.org/de/schlankmacher/10-kg-abnehmen-ernaehrungsplan/
"Can You Eat Beans On Keto? The Ultimate Guide",https://nchc.org/nutrition/diet/can-you-eat-beans-on-keto/
"How To Detox Your Body To Lose Weight? According To Experts",https://nchc.org/nutrition/detox/how-to-detox-your-body-to-lose-weight/
"How To Detox Sugar From Your Body? All You Need To Know",https://nchc.org/nutrition/detox/how-to-detox-sugar-from-your-body/
"How To Soak Chia Seeds? All You Need To Know",https://nchc.org/nutrition/diet/soak-chia-seeds/
"What Do Chia Seeds Taste Like? Understanding The Flavors & Textures",https://nchc.org/nutrition/diet/what-do-chia-seeds-taste-like/
"Chia Seeds For Digestion: Benefits & Side Effects",https://nchc.org/nutrition/diet/chia-seeds-for-digestion/
"How To Detox Your Body Of Alcohol? Essential Methods & Advice",https://nchc.org/nutrition/detox/how-to-detox-your-body-of-alcohol/
"Chia Seeds In Smoothies: Discover Delicious & Nutritious Recipes",https://nchc.org/nutrition/healthy-eating/chia-seeds-in-smoothies/
"How Long Does It Take To Detox Your Body? Discover The Detoxing Process",https://nchc.org/nutrition/detox/how-long-does-it-take-to-detox-your-body/
"How To Get Rid Of Side Fat? 6 Ways To Get Rid Of Love Handles",https://nchc.org/nutrition/weight-management/how-to-get-rid-of-side-fat/
"How To Remove Gas From Stomach Instantly? Causes & Remedies",https://nchc.org/health/how-to-remove-gas-from-stomach-instantly/
"How To Eat Less? 7 Ways Without Increasing Your Hunger",https://nchc.org/nutrition/healthy-eating/how-to-eat-less/
"Recipes With Chia Seeds: 8 You Should Try Right Away",https://nchc.org/nutrition/diet/recipes-with-chia-seeds/
"Do Chia Seeds Go Bad? When Can You No Longer Eat Them?",https://nchc.org/nutrition/diet/do-chia-seeds-go-bad/
"How To Detox Drugs From Your Body? A Journey To Sobriety",https://nchc.org/nutrition/detox/how-to-detox-drugs-from-your-body/
"How Much Apple Cider Vinegar Do You Drink To Detox Your Body?",https://nchc.org/nutrition/detox/how-much-apple-cider-vinegar-do-you-drink-to-detox-your-body/
"How To Detox Your Body from Adderall? Essential Steps for Recovery",https://nchc.org/nutrition/detox/how-to-detox-your-body-from-adderall/
"How To Detox From Smoking Safely While Pregnant? Is It Safe?",https://nchc.org/nutrition/detox/how-to-detox-from-smoking-safely-while-pregnant/
"How To Detox Weed From Your Body: 6 Tips For System Cleansing",https://nchc.org/?p=7541
"How To Detox Anesthesia From Your Body? 6 Natural Ways",https://nchc.org/nutrition/detox/how-to-detox-anesthesia-from-your-body/
"How To Detox Plastic From Your Body? All You Need To Know",https://nchc.org/nutrition/detox/how-to-detox-plastic-from-your-body/
"How Long Does It Take To Detox Your Body From Alcohol & Precautions",https://nchc.org/nutrition/detox/how-long-does-it-take-to-detox-your-body-from-alcohol/
"How To Reduce Puffy Face: Remedies & Changes To Make",https://nchc.org/health/longevity/how-to-reduce-puffy-face/
"8 Signs Of Liver Detox Working &amp; Cleansing [Year]",https://nchc.org/nutrition/detox/signs-of-liver-detox-working/
"8 Vitamins For Liver Detox: Tips & Safety Precautions [Year]",https://nchc.org/nutrition/detox/vitamins-for-liver-detox/
"Table Element Template",https://nchc.org/new/table-element-template/
"Info Template - Question (Main keyword Needed)",https://nchc.org/new/info-template-question-main-keyword-needed/
"Info Template - Defintion (Main keyword Needed)",https://nchc.org/new/info-template-defintion-main-keyword-needed/
"Info Template - List (Main keyword Needed)",https://nchc.org/new/info-template-list-main-keyword-needed/
"Info Template - Step (Main keyword Needed)",https://nchc.org/new/info-template-step-main-keyword-needed/
"AD templates",https://nchc.org/new/ad-templates/
"Liver & Kidney Detox: 3 Effective Tips & Safety Precautions [Year]",https://nchc.org/nutrition/detox/liver-and-kidney-detox/
"How To Lose Lower Belly Fat In [Year] - Here’s 8 Effective Methods You Could Try",https://nchc.org/nutrition/weight-management/how-to-lose-lower-belly-fat/
"7 Supplements For Liver Detox: Tips & Precaution [Year]",https://nchc.org/nutrition/detox/supplements-for-liver-detox/
"Liver Detox Drink: 5 Drinks To Cleanse Your Liver [Year]",https://nchc.org/nutrition/detox/liver-detox-drink/
"Foods For Liver Detox: 8 Foods To Cleanse Your Liver [Year]",https://nchc.org/nutrition/detox/foods-for-liver-detox/
"How To Lose Belly Fat Exercise - 8 Best Workouts You Could Try In [Year]",https://nchc.org/fitness/exercise/how-to-lose-belly-fat-exercise/
"How To Lose Fat: 8 Most Effective Methods For Losing Fat Safely In [Year]",https://nchc.org/nutrition/weight-management/how-to-lose-fat/
"How Many Calories Should I Eat To Lose Weight? Here’s The Answer In [Year]",https://nchc.org/nutrition/weight-management/how-many-calories-should-i-eat-to-lose-weight/
"How To Lose Weight Fast - 12 Helpful Tips From Experts In [Year]",https://nchc.org/nutrition/weight-management/how-to-lose-weight/
"How To Lose Face Fat: 7 Incredible Ways To Get A Skinnier Face In [Year]",https://nchc.org/nutrition/weight-management/how-to-lose-face-fat/
"Liver Detox Juice [Year]: 7 Recipes &amp; Tips For Better Health",https://nchc.org/?p=11401
"How To Lose Belly Fat In [Year] — 8 Effective Ways Suggested By Our Health Experts",https://nchc.org/nutrition/weight-management/how-to-lose-belly-fat/
"How To Use Apple Cider Vinegar To Lose Belly Fat - Let’s Find Out The Answer In [Year]",https://nchc.org/nutrition/weight-management/how-to-use-apple-cider-vinegar-to-lose-belly-fat/
"How To Lose Chin Fat: Best Ways To Get Rid Of Double Chin Fat In [Year]",https://nchc.org/nutrition/weight-management/how-to-lose-chin-fat/
"Can Watermelon Cause Diarrhea? Watermelon’s Side Effects You May Not Know In [Year]",https://nchc.org/health/digestion/can-watermelon-cause-diarrhea/
"How To Use Apple Cider Vinegar To Lose Belly Fat - Let’s Find Out The Answer In [Year]",https://nchc.org/nutrition/weight-management/how-to-use-apple-cider-vinegar-to-lose-belly-fat-lets-find-out-the-answer-in-year/
"Can Coffee Cause Diarrhea? The Link Between Coffee & Diarrhea In [Year]",https://nchc.org/health/digestion/can-coffee-cause-diarrhea/
"Lazy Bowel Syndrome: Symptoms, Causes, Treatments &amp; More In [Year]",https://nchc.org/health/digestion/lazy-bowel-syndrome/
"Is Ibs An Autoimmune Disease? Here’s The Answer From Experts In [Year]",https://nchc.org/health/digestion/is-ibs-an-autoimmune-disease/
"How Long Does It Take To Lose Belly Fat - Here’s The Answer From Health Experts In [Year]",https://nchc.org/nutrition/weight-management/how-long-does-it-take-to-lose-belly-fat/
"Sleeping Positions To Relieve Gas: Top 5 Effective Ones",https://nchc.org/health/digestion/sleeping-positions-to-relieve-gas/
"How To Loosen A Bowel Blockage At Home: 5 Best Tips [Year]",https://nchc.org/health/digestion/how-to-loosen-a-bowel-blockage-at-home/
"How Many Crunches A Day To Lose Belly Fat - Experts Will Have Answer For You In [Year]",https://nchc.org/fitness/exercise/how-many-crunches-a-day-to-lose-belly-fat/
"Information Post Template",https://nchc.org/de/?p=11837
"Morning Diarrhea: Causes, Treatments &amp; How To Prevent In [Year]",https://nchc.org/health/digestion/morning-diarrhea/
"How To Lose Belly Fat Without Losing Weight - 8 Effective Methods To Try In [Year]",https://nchc.org/nutrition/weight-management/how-to-lose-belly-fat-without-losing-weight/
"How Many Steps A Day To Lose Weight? A Guide From Experts In [Year]",https://nchc.org/fitness/exercise/how-many-steps-a-day-to-lose-weight/
"How To Lose Thigh Fat: 5 Ways To Tone Your Thighs Quickly &amp; Effectively In [Year]",https://nchc.org/nutrition/weight-management/how-to-lose-thigh-fat/
"Diarrhea &amp; Dizziness: Causes &amp; Treatments You Should Know In [Year]",https://nchc.org/health/digestion/diarrhea-and-dizziness/
"Tea For Bloating: 11 Effective Herbal Teas [Year]",https://nchc.org/health/digestion/tea-for-bloating/
"Colon Cleanse: Benefits & Best Way To Cleanse Colon In [Year]",https://nchc.org/health/digestion/colon-cleanse/
"How To Lose Stomach Fat For Women: 8 Helpful Tips In [Year]",https://nchc.org/nutrition/weight-management/how-to-lose-stomach-fat-for-women/
"How Many Carbs A Day To Lose Weight? Let’s Find The Answer In [Year]",https://nchc.org/nutrition/weight-management/how-many-carbs-a-day-to-lose-weight/
"Colon Cleanse Drink: 12 Homemade Recipes To Try In [Year]",https://nchc.org/health/digestion/colon-cleanse-drink/
"How To Lose Leg Fat: 5 Most Effective Ways To Tone The Legs In [Year]",https://nchc.org/nutrition/weight-management/how-to-lose-leg-fat/
"Constipation After Diarrhea - Things You Need To Know In [Year]",https://nchc.org/health/digestion/constipation-after-diarrhea/
"How To Lose Stomach Fat In Men - 8 Tips For Men On The Weight Loss Journey In [Year]",https://nchc.org/nutrition/weight-management/how-to-lose-stomach-fat-men/
"Colon Hydrotherapy: Benefits & Risks You Should Know In [Year]",https://nchc.org/health/digestion/colon-hydrotherapy/
"How To Lose Back Fat: 6 Effective Ways To Get Rid Of Back Fat Fast In [Year]",https://nchc.org/nutrition/weight-management/how-to-lose-back-fat/
"How Many Steps A Day To Lose Belly Fat In [Year] - Here’s Your Answer!",https://nchc.org/fitness/exercise/how-many-steps-a-day-to-lose-belly-fat/
"14 Foods That Help With Bloating And Eating Tips [Year]",https://nchc.org/health/digestion/foods-that-help-with-bloating/
"How To Lose Body Fat: 7 Best Ways To Burn Body Fat Sustainably In [Year]",https://nchc.org/nutrition/weight-management/how-to-lose-body-fat-fast/
"14 Debloating Drinks You Should Know [Year]",https://nchc.org/health/digestion/debloating-drinks/
"Colon Cleanse At Home: 10 Effective Ways In [Year]",https://nchc.org/health/digestion/colon-cleanse-at-home/
"How To Lose Arm Fat: 6 Best Ways To Get Gid Of Unwanted Arm Fat In [Year]",https://nchc.org/nutrition/weight-management/how-to-lose-arm-fat/
"Best Tea For Appetite Suppressant - 5 Teas To Stop Your Food Cravings In [Year]",https://nchc.org/nutrition/weight-management/best-tea-for-appetite-suppressant/
"How Much Water Should I Drink To Lose Belly Fat - All You Need To Know In [Year]",https://nchc.org/nutrition/weight-management/how-much-water-should-i-drink-to-lose-belly-fat/
"How To Lose Butt Fat Effectively And Safely In [Year]",https://nchc.org/nutrition/weight-management/how-to-lose-butt-fat/
"How To Lose The Belly Fat After Pregnancy - 5 Tips For Moms In [Year]",https://nchc.org/nutrition/weight-management/how-to-lose-the-belly-fat-after-pregnancy/
"How To Lose Water Weight [Year]: 8 Helpful Ways To Lose Water Weight Fast",https://nchc.org/nutrition/weight-management/how-to-lose-water-weight/
"How To Lose Hip Fat: 5 Ways To Reduce Hip Fat That Really Works In [Year]!",https://nchc.org/nutrition/weight-management/how-to-lose-hip-fat/
"How To Lose Weight With PCOS - 11 Ways To Try In [Year]",https://nchc.org/nutrition/weight-management/how-to-lose-weight-with-pcos/
"How Often Should You Cleanse Your Colon? The Answer From Experts In [Year]",https://nchc.org/health/digestion/how-often-should-you-cleanse-your-colon/
"Is Peanut Butter Good For Diarrhea? Food Tips For [Year]",https://nchc.org/health/digestion/is-peanut-butter-good-for-diarrhea/
"Diarrhea After Drinking: Causes &amp; Treatments You Need To Know In [Year]",https://nchc.org/health/digestion/diarrhea-after-drinking/
"How To Use Chia Seeds To Lose Belly Fat - 5 Simple Steps To Reduce Belly Fat Using Chia Seeds In [Year]",https://nchc.org/?p=13374
"Keto Diarrhea: Cause &amp; How To Stop It In [Year]",https://nchc.org/?p=13529
"How Long Should I Ride A Bike To Lose Belly Fat In [Year]?",https://nchc.org/nutrition/weight-management/how-long-should-i-ride-a-bike-to-lose-belly-fat/
"Why Am I So Gassy In The Morning? Causes & Tips [Year]",https://nchc.org/?p=13614
"How To Lose Fat And Gain Muscle: Here’s What Experts Say In [Year]",https://nchc.org/?p=13660
"How To Use Cinnamon To Lose Belly Fat - 5 Best Ways For [Year]",https://nchc.org/?p=13687
"How To Lose Knee Fat: 5 Easy Ways To Get Rid Of Knee Fat In [Year]",https://nchc.org/?p=13690
"Info Template - Recipe (Main keyword Needed)",https://nchc.org/new/info-template-recipe-main-keyword-needed/
"Info Template - Comparison (Main keyword Needed)",https://nchc.org/new/info-template-comparison-main-keyword-needed/
"How To Lose Belly Fat During Pregnancy - 8 Safe Tips For Moms In [Year]",https://nchc.org/?p=13913
