ID,Title,_yoast_wpseo_focuskw,_yoast_wpseo_bctitle,_yoast_wpseo_title,_yoast_wpseo_metadesc
2076,"How To Detox Your Body Naturally & Safely [Year]: Tips To Note","how to detox your body","How To Detox Your Body","How To Detox Your Body Naturally & Safely %%currentyear%%: Tips To Note","Detoxification is necessary for proper bodily function. These tips will teach you how to safely and naturally detoxify your body %%currentyear%%."
2091,"Are Bananas Good for Weight Loss Or Not? Diet Advice &amp; Benefits","Is Banana Good for Weight Loss","Is Banana Good for Weight Loss","Is Banana Good for Weight Loss? Diet Advice & Benefits","Discover the ways in which bananas, are rich sources of vitamins, minerals, fiber, and natural sugar,... Is Banana Good for Weight Loss?"
2094,"How to Stop a Receding Hairline in 6 Effective Ways [Year]","How to Stop a Receding Hairline","How To Stop Receding Hairline","How to Stop a Receding Hairline: Top 6 Effective Ways %%currentyear%%","Learn effective ways to stop a receding hairline, including diet, medication, and hair transplant options. Discover quick fixes."
2097,"What To Eat When You Have Diarrhea: Foods to Eat & Avoid [Year]","what to eat when you have diarrhea","What To Eat When You Have Diarrhea","What To Eat When You Have Diarrhea: Foods to Eat & Avoid %%currentyear%%","Learn what to eat and drink to get immediate relief from diarrhea. Our comprehensive guide is loaded with advice and recommendations from industry professionals."
2100,"How To Get A Flat Stomach Fast [Year]: Tips To Shed Excess Fat","how to get a flat stomach fast","How To Get A Flat Stomach Fast","How To Get A Flat Stomach Fast %%currentyear%%: 8 Tips To Shed Excess Fat","Learn effective ways to get a flat stomach fast with our comprehensive guide, featuring tips, exercises, and lifestyle changes backed by science."
2103,"Healthy Breakfast To Lose Weight &amp; Start The Day Right","healthy breakfast to lose weight","Healthy Breakfast To Lose Weight","Healthy Breakfast To Lose Weight & Start The Day Right %%currentyear%%","Start your day right with a healthy breakfast to lose weight. Incorporate healthy fats, fresh fruit, and protein-packed options to promote weight loss."
2106,"How To Prevent Kidney Stones [Year]: 10 Helpful Ways To Follow","how to prevent kidney stones","How To Prevent Kidney Stones","How To Prevent Kidney Stones %%currentyear%%: 10 Helpful Ways To Follow","Learn about kidney stones: causes, symptoms, treatment options, prevention methods, and more. Get answers to your FAQs from trusted sources."
2108,"How To Stop Binge Eating: 10 Great Tips To Consider","how to stop binge eating","How To Stop Binge Eating","How To Stop Binge Eating %%currentyear%%: 10 Great Tips To Consider","Learn effective ways to stop binge eating, overcome cravings, and build a healthy relationship with food. Get expert tips and guidance."
2110,"How to Stop Negative Thoughts [Year] - Overcoming Negative Thinking","how to stop negative thoughts","How To Stop Negative Thoughts","How to Stop Negative Thoughts %%currentyear%%: Over Negative Thinking","Negative thinking can cause a whole host of negative emotional reactions. We have provided simple ways to overcome negative thinking."
2159,"What Are Walnuts Good For? Nutrition Facts &amp; Health Benefits","what are walnuts good for","What Are Walnuts Good For","What Are Walnuts Good For? Nutrition Facts & Health Benefits","Explore the nutrition facts and health benefits of walnuts, including heart health, brain function, and bone health. Discover what walnuts are good for!"
2171,"What Fruits Are Low In Sugar [Year]? Include Fruits In Your Diet","what fruits are low in sugar","What Fruits Are Low In Sugar","What Fruits Are Low In Sugar %%currentyear%%? Include Fruits In Your Diet","Learn about low-sugar fruits, their benefits, and how to include them in your diet. Discover the best fruit choices for people with diabetes."
2175,"How to Safely Lose Weight While Breastfeeding [Year]","how to lose weight while breastfeeding","How To Lose Weight While Breastfeeding","How to Safely Lose Weight While Breastfeeding %%currentyear%%","Learn how to safely and effectively lose weight while breastfeeding with tips from our expert guide. Prioritize your health and your baby's needs."
2184,"How To Clean Out Bowels Quickly [Year]: Effectively & Safely","how to clean out bowels quickly","How To Clean Out Bowels Quickly","How To Clean Out Bowels Quickly %%currentyear%%: Effectively & Safely","Discover safe and effective ways to clean out your bowels quickly. Learn about various bowel cleaning methods and their effectiveness in this informative article."
2187,"Walnut Oil Benefits That Improve Your Health &amp; Beauty","walnut oil benefits","Walnut Oil Benefits","Walnut Oil Benefits That Improve Your Health & Beauty","Discover the potential health benefits of walnut oil, from improving heart health to promoting skin growth. Read on for more information and insights."
2193,"How to Increase Dopamine Levels Naturally: 8 Best Ways","how to increase dopamine","How To Increase Dopamine","How to Increase Dopamine Levels Naturally %%currentyear%%: 8 Best Ways","Learn the 8 best ways to naturally increase dopamine levels in your brain. These tips include exercise, a healthy diet, and other lifestyle changes."
2272,"Emotional Support Animal [Year]: Everything You Need To Know","emotional support animal","Emotional Support Animal","Emotional Support Animal %%currentyear%%: Everything You Need To Know","Discover the differences between emotional support animals and psychiatric service animal, their roles, and how they assist individuals."
